{"count":1,"self":74.5511552,"total":78.41159669999999,"children":{"AgentSendState":{"count":3207,"self":0.17900459999999999,"total":0.42239709999999997,"children":{"CollectObservations":{"count":1016,"self":0.042150599999999996,"total":0.042150599999999996,"children":null},"CollectDiscreteActionMasks":{"count":1016,"self":0.010064499999999999,"total":0.010064499999999999,"children":null},"RayPerceptionSensor.Perceive":{"count":1524,"self":0.1911774,"total":0.1911774,"children":null}}},"DecideAction":{"count":3207,"self":3.1552884,"total":3.2969424999999997,"children":{"RayPerceptionSensor.Perceive":{"count":1524,"self":0.14165419999999998,"total":0.14165419999999998,"children":null}}},"AgentAct":{"count":3207,"self":0.13609559999999998,"total":0.13609559999999998,"children":null},"RayPerceptionSensor.Perceive":{"count":3,"self":0,"total":0,"children":null}},"gauges":{},"metadata":{"timer_format_version":"0.1.0","start_time_seconds":"1594585999","unity_version":"2019.3.12f1","command_line_arguments":"F:\\unity\\unity1\\Unity\\Editor\\Unity.exe -projectpath F:\/unity\/unity1\/HummingBird (1)\/HummingBird -useHub -hubIPC -cloudEnvironment production -hubSessionId 2fd5fc90-c467-11ea-acd5-e5a9c287d912","communication_protocol_version":"1.0.0","com.unity.ml-agents_version":"1.0.0-preview","scene_name":"MainMenu","end_time_seconds":"1594586077"}}